{
  "singers": [
    {
      "id": "001",
      "name": "장혜리",
      "songs": [
        {
          "song_01": [
            {
              "Title": "내게 남은 사랑을 드릴게요",
              "Year_of_release": "1988",
              "Lyrics": "스치는 바람결에 사랑 노래 들려요. \n내 곁에서 떠나 버렸던 그립던 사랑의 노래 들려와\n내 마음은 떨려요\n어둠이 지나가고 내일이 찾아오면\n애태웠던 지난날들이\n내게로 살며시 다시 다가와 줄 것만 같아요\n이제는 울지 않을래\n이별은 너무 아파요\n다시 떠난다 해도\n내게 남은 사랑을 드릴께요\n기억하지는 않아도\n지워지지가 않아요\n슬픔 뒤 밀려드는 그리움\n세월이 변한다 해도\n언제까지나 그대로\n내 곁에 머물러 줘요\n어둠이 지나가고 내일이 찾아오면\n애태웠던 지난날들이\n내게로 살며시 다시 다가와 줄 것만 같아요\n이제는 울지 않을래\n이별은 너무 아파요\n다시 떠난다 해도\n내게 남은 사랑을 드릴께요\n기억하지는 않아도\n지워지지가 않아요\n슬픔 뒤 밀려드는 그리움\n세월이 변한다 해도\n언제까지나 그대로\n내 곁에 머물러 줘요"
            }
          ]
        }
      ]
    },
    {
      "id": "002",
      "name": "조덕배",
      "songs": [
        {
          "song_01": [
            {
              "Title": "그대 내 안에 들어오면은",
              "Year_of_release": "1989",
              "Lyrics": "생략"
            }
          ],
          "song_02": [
            {
              "Title": "꿈에",
              "Year_of_release": "1986",
              "Lyrics": "생략"
            }
          ]
        }
      ]
    },
    {
      "id": "003",
      "name": "이은하",
      "songs": [
        {
          "song_01": [
            {
              "Title": "미소를 띄우며 나를 보낸 그 모습처럼",
              "Year_of_release": "1986",
              "Lyrics": "생략"
            }
          ]
        }
      ]
    },
    {
      "id": "004",
      "name": "이문세",
      "songs": [
        {
          "song_01": [
            {
              "Title": "소녀",
              "Year_of_release": "1985",
              "Lyrics": "생략"
            }
          ],
          "song_02": [
            {
              "Title": "깊은 밤을 날아서",
              "Year_of_release": "1987",
              "Lyrics": "생략"
            }
          ]
        }
      ]
    }
  ],
  "_comment": "제이슨 데이터에 긴 글은 줄바꿈해서 사용 할 수 없다는 것을 알았습니다. \n 스크립트 파일을 만들고, 로컬저장소로가서 확장자명을 json으로 바꾸는 식으로 제이슨 파일을 만들어 보았는데 다른방법은 어떤 것 들이 있을까요? \n이제 이렇게 만든 데이터를 뽑아서 사용하는 방법을 연습해 보아야 겠습니다."
}


    